Workbook

Sheet Teams
A1: ID | B1: Team | C1: Manager | D1: display_name | E1: Favorite_Team | F1: Max_Points
A2: 1 | B2: Elliot Anderson FC | C2: Nico | D2: nicog01 | E2: Manchester City | F2: 433.5
A3: 2 | B3: Up the Guppys | C3: Maje | D3: officialmaje | E3: Arsenal | F3: 456.75
A4: 3 | B4: Team GlenM22 | C4: Glen | D4: glenm22 | E4: West Ham | F4: 406.25
A5: 4 | B5: Wonkeeland's Finest | C5: Austin | D5: austinclifton | E5: Spurs | F5: 540.5
A6: 5 | B6: King Abes | C6: David | D6: kingabes | E6: Brighton | F6: 471
A7: 6 | B7: Team BottomCap | C7: Camilo | D7: bottomcap | E7: Chelsea | F7: 556.75
A8: 7 | B8: Pep's Retirement Fund | C8: Trevor | D8: treyclif3 | E8: Chelsea | F8: 525.25
A9: 8 | B9: Team Nictrn | C9: Nick | D9: nictrn | E9: Arsenal | F9: 490.25

Sheet Matchups
A1: home_team_id | B1: away_team_id | C1: Home_team_points | D1: Away_team_points | E1: Home_team_best_lineup | F1: Away_team_best_lineup | G1: Week
A2: 1 | B2: 3 | C2: 99.5 | D2: 71.5 | E2: 149.75 | F2: 83.75 | G2: 1
A3: 5 | B3: 4 | C3: 107.5 | D3: 80.5 | E3: 115.25 | F3: 88.25 | G3: 1
A4: 7 | B4: 2 | C4: 79.75 | D4: 76 | E4: 101 | F4: 79.5 | G4: 1
A5: 8 | B5: 6 | C5: 118.25 | D5: 111.25 | E5: 132 | F5: 129.75 | G5: 1
A6: 1 | B6: 8 | C6: 75 | D6: 97.25 | E6: 94.75 | F6: 127.75 | G6: 2
A7: 4 | B7: 2 | C7: 106 | D7: 98.25 | E7: 135.25 | F7: 123.25 | G7: 2
A8: 7 | B8: 3 | C8: 103.25 | D8: 95 | E8: 145.25 | F8: 100.5 | G8: 2
A9: 6 | B9: 5 | C9: 157.5 | D9: 131.25 | E9: 171 | F9: 135.5 | G9: 2
A10: 1 | B10: 5 | C10: 62.25 | D10: 103.75 | E10: 75 | F10: 120.75 | G10: 3
A11: 4 | B11: 7 | C11: 96 | D11: 101.75 | E11: 134 | F11: 116.75 | G11: 3
A12: 3 | B12: 8 | C12: 96.25 | D12: 92.5 | E12: 104.75 | F12: 124.75 | G12: 3
A13: 2 | B13: 6 | C13: 97.75 | D13: 91.5 | E13: 132.25 | F13: 116.5 | G13: 3
... A17: 3 | B17: 5 | C17: 90.75 | D17: 78.25 | E17: 117.25 | F17: 99.5 | G17: 4

Sheet Cup
A1: match_id | B1: a_team_id | C1: b_team_id | D1: a_team_score | E1: b_team_score | F1: Round | G1: Leg | H1: League_week
A2: 1 | F2: QF | G2: 1 | H2: Week 19
A3: 2 | F3: QF | G3: 1 | H3: Week 20
A4: 3 | F4: QF | G4: 1 | H4: Week 22
A5: 4 | F5: QF | G5: 1 | H5: Week 23
A6: 5 | F6: QF | G6: 2 | H6: Week 25
A7: 6 | F7: QF | G7: 2 | H7: Week 26
A8: 7 | F8: QF | G8: 2 | H8: Week 28
A9: 8 | F9: QF | G9: 2 | H9: Week 29
A10: 9 | F10: SF | G10: 1 | H10: Week 31
A11: 10 | F11: SF | G11: 1 | H11: Week 32
A12: 11 | F12: SF | G12: 2 | H12: Week 34
A13: 12 | F13: SF | G13: 2 | H13: Week 35
... A15: 14 | F15: Final | G15: 2 | H15: Week 38

Sheet Waivers
A1: team_id | B1: transaction_id | C1: date | D1: Player | E1: FAAB
A2: 1 | B2: 1 | C2: 46258 | D2: Jaka Bijol | E2: 0
A3: 1 | B3: 2 | C3: 46258 | D3: Mamadou Sangaré | E3: 125
A4: 1 | B4: 3 | C4: 46258 | D4: Jack Hinshelwood | E4: 280
A5: 1 | B5: 4 | C5: 46258 | D5: Ola Aina | E5: 53
A6: 1 | B6: 5 | C6: 46265 | D6: Amar Dedic | E6: 67
A7: 1 | B7: 6 | C7: 46265 | D7: Lukáš Horníček | E7: 3
A8: 1 | B8: 7 | C8: 46267 | D8: Matias Fernandez-Pardo | E8: 197
A9: 2 | B9: 8 | C9: 46265 | D9: Daizen Maeda | E9: 200
A10: 2 | B10: 9 | C10: 46265 | D10: Ross Barkley | E10: 200
A11: 3 | B11: 10 | C11: 46266 | D11: Bradley Barcola | E11: 1120
A12: 4 | B12: 11 | C12: 46258 | D12: Oliver McBurnie | E12: 43
A13: 4 | B13: 12 | C13: 46258 | D13: Justin Kluivert | E13: 73
... A47: 2 | B47: 46 | C47: 46279 | D47: Oscar Bobb | E47: 50

Sheet Sheet1
A1: home_team_id | B1: Sum of Home_team_best_lineup
A2: 1 | B2: 319.5
A3: 2 | B3: 132.25
A4: 3 | B4: 104.75
A5: 4 | B5: 269.25 | D5: =GETPIVOTDATA("Home_team_best_lineup",A1,"home_team_id",1)-GETPIVOTDATA("Away_team_best_lineup",A14,"away_team_id",1) -> 319.5 | E5: =VLOOKUP(A2,Teams!A:F,6,0) -> 433.5 | F5: =E5-D5 -> 114
A6: 5 | B6: 115.25 | D6: =GETPIVOTDATA("Home_team_best_lineup",$A$1,"home_team_id",2)+GETPIVOTDATA("Away_team_best_lineup",$A$14,"away_team_id",2) -> 335 | E6: =VLOOKUP(A3,Teams!A:F,6,0) -> 456.75 | F6: =E6-D6 -> 121.75
A7: 6 | B7: 171 | D7: =GETPIVOTDATA("Home_team_best_lineup",$A$1,"home_team_id",3)+GETPIVOTDATA("Away_team_best_lineup",$A$14,"away_team_id",3) -> 289 | E7: =VLOOKUP(A4,Teams!A:F,6,0) -> 406.25 | F7: =E7-D7 -> 117.25
A8: 7 | B8: 246.25 | D8: =GETPIVOTDATA("Home_team_best_lineup",$A$1,"home_team_id",4)+GETPIVOTDATA("Away_team_best_lineup",$A$14,"away_team_id",4) -> 357.5 | E8: =VLOOKUP(A5,Teams!A:F,6,0) -> 540.5 | F8: =E8-D8 -> 183
A9: 8 | B9: 132 | D9: =GETPIVOTDATA("Home_team_best_lineup",$A$1,"home_team_id",5)+GETPIVOTDATA("Away_team_best_lineup",$A$14,"away_team_id",5) -> 371.5 | E9: =VLOOKUP(A6,Teams!A:F,6,0) -> 471 | F9: =E9-D9 -> 99.5
A10: (blank) | D10: =+GETPIVOTDATA("Home_team_best_lineup",$A$1,"home_team_id",6)+GETPIVOTDATA("Away_team_best_lineup",$A$14,"away_team_id",6) -> 417.25 | E10: =VLOOKUP(A7,Teams!A:F,6,0) -> 556.75 | F10: =E10-D10 -> 139.5
A11: Grand Total | B11: 1490.25 | D11: =+GETPIVOTDATA("Home_team_best_lineup",$A$1,"home_team_id",7)+GETPIVOTDATA("Away_team_best_lineup",$A$14,"away_team_id",7) -> 363 | E11: =VLOOKUP(A8,Teams!A:F,6,0) -> 525.25 | F11: =E11-D11 -> 162.25
D12: =+GETPIVOTDATA("Away_team_best_lineup",$A$14,"away_team_id",8)+GETPIVOTDATA("Home_team_best_lineup",$A$1,"home_team_id",8) -> 384.5 | E12: =VLOOKUP(A9,Teams!A:F,6,0) -> 490.25 | F12: =E12-D12 -> 105.75
A14: away_team_id | B14: Sum of Away_team_best_lineup
A15: 1
A16: 2 | B16: 202.75
A17: 3 | B17: 184.25
A18: 4 | B18: 88.25
A19: 5 | B19: 256.25
A20: 6 | B20: 246.25
A21: 7 | B21: 116.75
A22: 8 | B22: 252.5
A23: (blank)
A24: Grand Total | B24: 1347
